{"cameraMode":{"drawMode":0,"name":"Shaded","section":"Shading Mode"},"sceneLighting":false,"audioPlay":false,"sceneViewState":{"showFog":true,"showMaterialUpdate":true,"showSkybox":false,"showFlares":true,"showImageEffects":true,"showParticleSystems":true},"in2DMode":false,"pivot":{"x":0.06978273391723633,"y":1.691585898399353,"z":-0.043964438140392306},"rotation":{"x":-0.21373175084590913,"y":0.7634522318840027,"z":-0.31146371364593508,"w":-0.5238797068595886},"size":0.26463019847869875,"orthographic":false}