{"cameraMode":{"drawMode":0,"name":"Shaded","section":"Shading Mode"},"sceneLighting":false,"audioPlay":false,"sceneViewState":{"showFog":true,"showMaterialUpdate":true,"showSkybox":false,"showFlares":true,"showImageEffects":true,"showParticleSystems":true},"in2DMode":false,"pivot":{"x":6.456399917602539,"y":1.0,"z":-4.679999828338623},"rotation":{"x":-0.13533496856689454,"y":-0.3023598790168762,"z":0.043413907289505008,"w":-0.9425382018089294},"size":0.8542764186859131,"orthographic":false}