{"cameraMode":{"drawMode":0,"name":"Shaded","section":"Shading Mode"},"sceneLighting":false,"audioPlay":false,"sceneViewState":{"showFog":true,"showMaterialUpdate":true,"showSkybox":false,"showFlares":true,"showImageEffects":true,"showParticleSystems":true},"in2DMode":false,"pivot":{"x":0.4617968797683716,"y":0.11545597016811371,"z":-0.0698930025100708},"rotation":{"x":-0.03497341275215149,"y":0.2360924333333969,"z":0.008503000251948834,"w":0.9710638523101807},"size":1.8120722770690919,"orthographic":false}