{"cameraMode":{"drawMode":0,"name":"Shaded","section":"Shading Mode"},"sceneLighting":false,"audioPlay":false,"sceneViewState":{"showFog":true,"showMaterialUpdate":true,"showSkybox":false,"showFlares":true,"showImageEffects":true,"showParticleSystems":true},"in2DMode":false,"pivot":{"x":-0.07036566734313965,"y":7.3712921142578129,"z":-0.30755770206451418},"rotation":{"x":-0.21653971076011659,"y":-0.6519261002540588,"z":0.20224659144878388,"w":-0.6979966759681702},"size":24.617801666259767,"orthographic":false}